login_utilizator_succes,2026-05-22T20:01:40
vizualizare_utilizatori,2026-05-22T20:01:44
stergere_curs_admin,2026-05-22T20:01:46
vizualizare_clasament_admin,2026-05-22T20:01:50
login_utilizator_succes,2026-05-22T21:30:09
vizualizare_rapoarte_join,2026-05-22T21:30:12
login_utilizator_succes,2026-05-22T21:41:01
inregistrare_cursant,2026-05-22T21:47:32
login_utilizator_succes,2026-05-22T21:47:36
alimentare_portofel,2026-05-22T21:47:38
inregistrare_cursant,2026-05-27T12:42:57
login_utilizator_succes,2026-05-27T12:43:09
vizualizare_utilizatori,2026-05-27T12:43:12
stergere_curs_admin,2026-05-27T12:43:17
vizualizare_clasament_admin,2026-05-27T12:43:21
vizualizare_rapoarte_join,2026-05-27T12:43:24
login_utilizator_succes,2026-05-27T12:43:32
vizualizare_catalog,2026-05-27T12:43:37
cerere_inrolare,2026-05-27T12:43:41
sesiune_studiu,2026-05-27T12:43:45
vizualizare_progres,2026-05-27T12:43:55
cautare_categorie,2026-05-27T12:44:03
renuntare_curs,2026-05-27T12:44:12
inregistrare_instructor,2026-05-27T12:44:30
login_utilizator_succes,2026-05-27T12:44:37
creare_curs,2026-05-27T12:44:41
adaugare_quiz,2026-05-27T12:44:59
modificare_pret_curs,2026-05-27T12:45:21
adaugare_quiz,2026-05-27T12:45:29
adaugare_quiz,2026-05-27T12:45:39
vizualizare_cursuri_proprii,2026-05-27T12:45:59
login_utilizator_succes,2026-05-27T12:46:51
vizualizare_catalog,2026-05-27T12:46:53
cerere_inrolare,2026-05-27T12:46:57
alimentare_portofel,2026-05-27T12:47:06
cerere_inrolare,2026-05-27T12:47:13
inregistrare_instructor,2026-05-27T12:57:49
login_utilizator_succes,2026-05-27T12:57:52
creare_curs,2026-05-27T12:57:56
vizualizare_cursuri_proprii,2026-05-27T12:58:04
modificare_pret_curs,2026-05-27T12:58:07
adaugare_lectie,2026-05-27T12:58:13
modificare_pret_curs,2026-05-27T12:58:30
vizualizare_cursuri_proprii,2026-05-27T12:58:38
adaugare_quiz,2026-05-27T12:58:45
adaugare_quiz,2026-05-27T12:58:52
vizualizare_clasament_instructor,2026-05-27T12:59:00
creare_curs,2026-05-27T12:59:04
stergere_curs_instructor,2026-05-27T12:59:15
vizualizare_cursuri_proprii,2026-05-27T12:59:20
inregistrare_cursant,2026-05-27T12:59:28
login_utilizator_succes,2026-05-27T12:59:30
vizualizare_catalog,2026-05-27T12:59:32
cerere_inrolare,2026-05-27T12:59:37
alimentare_portofel,2026-05-27T12:59:43
cerere_inrolare,2026-05-27T12:59:48
achizitie_curs_id_1,2026-05-27T12:59:50
cerere_inrolare,2026-05-27T12:59:56
vizualizare_progres,2026-05-27T13:00:02
renuntare_curs,2026-05-27T13:00:47
cerere_inrolare,2026-05-27T13:00:57
alimentare_portofel,2026-05-27T13:01:02
cerere_inrolare,2026-05-27T13:01:06
achizitie_curs_id_1,2026-05-27T13:01:06
sesiune_studiu,2026-05-27T13:01:11
vizualizare_progres,2026-05-27T13:01:19
sesiune_studiu,2026-05-27T13:01:21
sesiune_studiu,2026-05-27T13:01:27
login_utilizator_succes,2026-05-27T13:13:27
vizualizare_utilizatori,2026-05-27T13:13:29
inregistrare_cursant,2026-05-27T13:13:35
inregistrare_instructor,2026-05-27T13:13:45
login_utilizator_succes,2026-05-27T13:13:50
vizualizare_catalog,2026-05-27T13:13:52
cerere_inrolare,2026-05-27T13:13:54
login_utilizator_succes,2026-05-27T13:14:02
creare_curs,2026-05-27T13:14:04
creare_curs,2026-05-27T13:14:13
creare_curs,2026-05-27T13:14:20
vizualizare_cursuri_proprii,2026-05-27T13:14:33
creare_curs,2026-05-27T13:14:38
vizualizare_cursuri_proprii,2026-05-27T13:14:44
adaugare_lectie,2026-05-27T13:14:59
stergere_curs_instructor,2026-05-27T13:15:09
vizualizare_clasament_instructor,2026-05-27T13:15:21
adaugare_lectie,2026-05-27T13:15:25
adaugare_lectie,2026-05-27T13:15:34
adaugare_quiz,2026-05-27T13:15:42
adaugare_quiz,2026-05-27T13:15:51
adaugare_quiz,2026-05-27T13:16:02
adaugare_quiz,2026-05-27T13:16:09
vizualizare_recenzii,2026-05-27T13:16:17
login_utilizator_succes,2026-05-27T13:16:27
login_utilizator_succes,2026-05-27T13:16:34
modificare_pret_curs,2026-05-27T13:16:37
modificare_pret_curs,2026-05-27T13:16:41
modificare_pret_curs,2026-05-27T13:16:51
vizualizare_cursuri_proprii,2026-05-27T13:16:58
login_utilizator_succes,2026-05-27T13:17:04
login_utilizator_succes,2026-05-27T13:17:10
vizualizare_catalog,2026-05-27T13:17:14
alimentare_portofel,2026-05-27T13:17:22
cerere_inrolare,2026-05-27T13:17:28
achizitie_curs_id_2,2026-05-27T13:17:32
cerere_inrolare,2026-05-27T13:17:35
achizitie_curs_id_1,2026-05-27T13:17:38
vizualizare_progres,2026-05-27T13:17:43
sesiune_studiu,2026-05-27T13:17:48
cerere_inrolare,2026-05-27T13:18:00
sesiune_studiu,2026-05-27T13:18:06
sesiune_studiu,2026-05-27T13:18:30
sesiune_studiu,2026-05-27T13:18:46
sesiune_studiu,2026-05-27T13:18:54
sesiune_studiu,2026-05-27T13:19:00
sesiune_studiu,2026-05-27T13:19:29
sesiune_studiu,2026-05-27T13:19:41
cerere_inrolare,2026-05-27T13:19:46
sesiune_studiu,2026-05-27T13:19:52
sesiune_studiu,2026-05-27T13:20:16
sesiune_studiu,2026-05-27T13:20:24
login_utilizator_succes,2026-05-27T13:21:06
vizualizare_recenzii,2026-05-27T13:21:09
vizualizare_clasament_instructor,2026-05-27T13:21:21
login_utilizator_succes,2026-05-27T13:21:47
vizualizare_utilizatori,2026-05-27T13:21:49
vizualizare_clasament_admin,2026-05-27T13:22:03
vizualizare_rapoarte_join,2026-05-27T13:22:09
stergere_curs_admin,2026-05-27T13:22:16
vizualizare_clasament_admin,2026-05-27T13:22:23
login_utilizator_succes,2026-05-27T13:22:30
vizualizare_cursuri_proprii,2026-05-27T13:22:32
vizualizare_clasament_instructor,2026-05-27T13:22:36
login_utilizator_succes,2026-05-27T13:22:45
vizualizare_progres,2026-05-27T13:22:49
inregistrare_cursant,2026-05-27T13:22:58
login_utilizator_succes,2026-05-27T13:23:01
stergere_curs_instructor,2026-05-27T13:23:06
vizualizare_cursuri_proprii,2026-05-27T13:23:18
modificare_pret_curs,2026-05-27T13:23:21
vizualizare_recenzii,2026-05-27T13:23:28
vizualizare_clasament_instructor,2026-05-27T13:23:36
login_utilizator_succes,2026-05-27T13:23:45
vizualizare_progres,2026-05-27T13:23:48
vizualizare_catalog,2026-05-27T13:23:52
inregistrare_instructor,2026-05-27T13:32:43
login_utilizator_succes,2026-05-27T13:32:45
creare_curs,2026-05-27T13:32:46
inregistrare_cursant,2026-05-27T13:32:57
login_utilizator_succes,2026-05-27T13:32:58
vizualizare_catalog,2026-05-27T13:33:00
cerere_inrolare,2026-05-27T13:33:03
achizitie_curs_id_1,2026-05-27T13:33:05
sesiune_studiu,2026-05-27T13:33:11
